file_name,cusip,identifier
20200910_NE_CDS_deliverable-obligations,El331689,20200910_NE_CDS
20200910_NE_CDS_deliverable-obligations,El559110,20200910_NE_CDS
20200910_NE_CDS_deliverable-obligations,EJ016570,20200910_NE_CDS
20200910_NE_CDS_deliverable-obligations,AL746734,20200910_NE_CDS
20200910_NE_CDS_deliverable-obligations,EK801109,20200910_NE_CDS
20200910_NE_CDS_deliverable-obligations,El331693,20200910_NE_CDS
20200910_NE_CDS_deliverable-obligations,El559114,20200910_NE_CDS
20200910_NE_CDS_deliverable-obligations,EJ016578,20200910_NE_CDS
20200910_NE_CDS_deliverable-obligations,EK801121,20200910_NE_CDS
